politics,198
worldnews,123
videos,65
news,62
todayilearned,61
pics,48
explainlikeimfive,36
AskHistorians,31
IAmA,27
OutOfTheLoop,25
funny,21
Showerthoughts,21
WTF,19
NoStupidQuestions,18
science,17
technology,17
mildlyinteresting,16
interestingasfuck,16
Futurology,15
whatisthisthing,14
gifs,14
AskMen,12
Wellthatsucks,12
BlackPeopleTwitter,12
askscience,11
television,11
TooAfraidToAsk,11
MurderedByWords,11
legaladvice,11
TrueReddit,10
insanepeoplefacebook,10
aww,10
investing,9
europe,9
movies,9
relationship_advice,9
PoliticalHumor,9
AmItheAsshole,9
history,9
gaming,9
baseball,8
PublicFreakout,8
nottheonion,8
MensLib,8
nfl,8
sysadmin,8
LateStageCapitalism,8
space,7
personalfinance,7
india,7
HumansBeingBros,7
changemyview,7
trashy,7
tifu,7
wholesomememes,7
bestoflegaladvice,6
WhitePeopleTwitter,6
LosAngeles,6
Music,6
HongKong,6
Fuckthealtright,6
neoliberal,6
Parenting,6
sports,6
CasualUK,6
ChoosingBeggars,6
Damnthatsinteresting,6
unitedkingdom,6
CasualConversation,6
army,5
mildlyinfuriating,5
ukpolitics,5
esist,5
morbidquestions,5
apple,5
MadeMeSmile,5
Portland,5
nba,5
LifeProTips,5
dataisbeautiful,5
therewasanattempt,5
Entrepreneur,5
UpliftingNews,5
magicTCG,5
oddlysatisfying,5
wallstreetbets,5
AskAnAmerican,5
AdviceAnimals,5
geopolitics,5
soccer,5
Documentaries,5
offmychest,5
The_Mueller,4
Unexpected,4
getdisciplined,4
nyc,4
Tinder,4
OldSchoolCool,4
wow,4
financialindependence,4
gameofthrones,4
vancouver,4
AskScienceFiction,4
iamatotalpieceofshit,4
freefolk,4
Fitness,4
CatastrophicFailure,4
starterpacks,4
confession,4
LivestreamFail,4
DestinyTheGame,4
bodybuilding,4
Hawaii,4
canada,4
atheism,4
collapse,4
Economics,4
MovieDetails,4
China,4
latin,3
listentothis,3
hockey,3
Whatcouldgowrong,3
britishproblems,3
WarCollege,3
hiphopheads,3
libclimateactivism,3
newzealand,3
lastimages,3
YangForPresidentHQ,3
loseit,3
assholedesign,3
inthenews,3
australia,3
facepalm,3
aviation,3
findareddit,3
jobs,3
antiMLM,3
answers,3
medicine,3
badwomensanatomy,3
announcements,3
formula1,3
nevertellmetheodds,3
askgaybros,3
moderatepolitics,3
youtubehaiku,3
self,3
Denmark,3
tumblr,3
GetMotivated,3
privacy,3
Breath_of_the_Wild,3
BetterEveryLoop,3
slatestarcodex,3
MaliciousCompliance,3
JusticeServed,3
NeutralPolitics,3
Atlanta,3
AskWomen,3
Coffee,3
totalwar,3
AskReddit,3
AskFeminists,3
TalesFromYourServer,3
sex,3
sanfrancisco,3
TrueOffMyChest,3
AMA,3
ABoringDystopia,3
CrappyDesign,2
dating_advice,2
CombatFootage,2
cscareerquestions,2
UnresolvedMysteries,2
cringe,2
Cringetopia,2
confessions,2
comics,2
comedyheaven,2
DnD,2
Drugs,2
childfree,2
FortNiteBR,2
DeepIntoYouTube,2
ClimateOffensive,2
democrats,2
flatearth,2
Advice,2
Art,2
geek,2
AskEurope,2
gatekeeping,2
gadgets,2
AskUK,2
Austin,2
dogs,2
AustralianPolitics,2
BeAmazed,2
CFB,2
Christianity,2
environment,2
educationalgifs,2
CollegeBasketball,2
cars,2
IndiaSpeaks,2
GlobalOffensive,2
HobbyDrama,2
ObscureMedia,2
apexlegends,2
ProRevenge,2
ProgrammerHumor,2
RoastMe,2
RussiaLago,2
amateurradio,2
YouShouldKnow,2
SeattleWA,2
greentext,2
SpaceXLounge,2
Stellaris,2
WritingPrompts,2
SuddenlyGay,2
Swingers,2
Teachers,2
Thailand,2
TheExpanse,2
TheMonkeysPaw,2
Virginia,2
UrbanHell,2
Nootropics,2
NintendoSwitch,2
Nicegirls,2
bartenders,2
boulder,2
IdiotsInCars,2
books,2
UIUC,2
boardgames,2
IsItBullshit,2
blackmagicfuckery,2
beta,2
Keep_Track,2
baltimore,2
NewOrleans,2
LasVegas,2
badeconomics,2
LegalAdviceUK,2
Libertarian,2
MilitaryStories,2
Minecraft,2
asoiaf,2
NetflixBestOf,2
askphilosophy,2
Sneakers,2
badlegaladvice,2
slaythespire,2
wheredidthesodago,2
selfimprovement,2
nonononoyes,2
lgbt,2
marvelstudios,2
teslamotors,2
malefashionadvice,2
iamverysmart,2
photoshopbattles,2
indianapolis,2
tipofmytongue,2
samharris,2
piano,2
nostalgia,2
urbanplanning,2
specializedtools,2
linguistics,2
thatHappened,2
olympics,2
teenagers,2
woahdude,2
london,2
reddit.com,2
nextfuckinglevel,2
pcgaming,2
niceguys,2
ottawa,2
preppers,2
holdmyfeedingtube,2
rickandmorty,2
leagueoflegends,2
musictheory,2
toronto,2
programming,2
InvestmentClub,1
speedrun,1
socialism,1
HomeNetworking,1
IDontWorkHereLady,1
InterestingGifs,1
spacex,1
sociopath,1
IncelTears,1
ICanDrawThat,1
solotravel,1
IWantOut,1
IBO,1
Guitar,1
sportsbook,1
GameTheorists,1
FellowKids,1
Feminism,1
FinancialCareers,1
syriancivilwar,1
swoleacceptance,1
FrankOcean,1
FuckImOld,1
survivinginfidelity,1
FutureWhatIf,1
surfing,1
GH5,1
Gamingcirclejerk,1
HistoryPorn,1
straya,1
GifTournament,1
GirlsMirin,1
stopdrinking,1
GlobalTalk,1
Jeep,1
HFY,1
HPMOR,1
Harmontown,1
starcraft,1
HelpMeFind,1
Izlam,1
handbrake,1
JoeRogan,1
NatureIsFuckingLit,1
MineralPorn,1
ModSupport,1
Monitors,1
MorbidReality,1
salesforce,1
MoviePassClub,1
sadcringe,1
rupaulsdragrace,1
NSFW_GIF,1
NYCbike,1
Naples_FL,1
Nationals,1
rugbyunion,1
MilitaryPorn,1
Netherlands,1
rsc,1
rolex,1
redditgetsdrawn,1
reddeadmysteries,1
NorthCarolina,1
Norway,1
OOTP,1
rarepuppers,1
rareinsults,1
Omaha,1
pussypassdenied,1
sandiego,1
MilitaryGfys,1
Jokes,1
shitpost,1
JustBootThings,1
slowcooking,1
Kappa,1
Fantasy,1
KingOfTheHill,1
KitchenConfidential,1
LMU,1
singularity,1
singapore,1
simpleliving,1
shorthand,1
shittyaskscience,1
sexover30,1
Military,1
LucidDreaming,1
MBMBAM,1
MMA,1
MachineLearning,1
MachinePorn,1
MagicArena,1
selfie,1
MandelaEffect,1
MapPorn,1
MarchAgainstTrump,1
MechanicAdvice,1
sciences,1
FantasyPL,1
Eminem,1
FanTheories,1
AtlantaUnited,1
AskMenOver30,1
AskOldPeople,1
AskOuija,1
AskPhotography,1
whatcarshouldIbuy,1
AskRedditUL,1
waifuism,1
AskSocialScience,1
vintagecomputing,1
videography,1
AteTheOnion,1
vexillology,1
vegetarian,1
unpopularopinion,1
vagabond,1
AutoChess,1
BabyBumps,1
Barry,1
BatmanArkham,1
BedroomBands,1
urbancarliving,1
BitcoinMarkets,1
upvoteexeggutor,1
BoneAppleTea,1
Borderlands2,1
Boxing,1
whatcouldgoright,1
whowouldwin,1
wichita,1
wimmelbilder,1
4PanelCringe,1
99percentinvisible,1
ABCDesis,1
xxfitness,1
ADHD,1
xboxone,1
ANormalDayInRussia,1
ATBGE,1
AccidentalRacism,1
wowthissubexists,1
worstof,1
Alabama,1
Albuquerque,1
AmIFreeToGo,1
woodworking,1
Android,1
AnimalsBeingJerks,1
Animewallpaper,1
AnthemTheGame,1
AntiChina,1
AquaSwap,1
ArtPorn,1
ArtefactPorn,1
AskALiberal,1
AskAcademia,1
BreakUps,1
Buffalo,1
Exxxtras,1
DoggyDNA,1
DarkMatter,1
DeTrashed,1
DeadBedrooms,1
DecidingToBeBetter,1
thalassophobia,1
texas,1
Denver,1
DesirePath,1
Destiny,1
Digital_Manipulation,1
tennis,1
DnDBehindTheScreen,1
DotA2,1
BurlingtonON,1
techsupportmacgyver,1
EDH,1
EarthPorn,1
techsupport,1
ElderScrolls,1
EliteDangerous,1
psychology,1
EndlessWar,1
EngineeringPorn,1
EnoughTrumpSpam,1
talesfromtechsupport,1
EverythingScience,1
DaftPunk,1
CrossStitch,1
thebizzible,1
CrazyIdeas,1
BurningMan,1
Buttcoin,1
BuyItForLife,1
uberdrivers,1
CODZombies,1
California,1
u_shoot-in-the-dark,1
u_TERMINATOR,1
tuesday,1
Chefit,1
ChernobylTV,1
tron,1
trippinthroughtime,1
trees,1
ChronicPain,1
CityPorn,1
CivilPolitics,1
ClimateActionPlan,1
tolkienfans,1
theydidthefuckyou,1
ConvenientCop,1
Cooking,1
CozyPlaces,1
CrackWatch,1
thewestwing,1
PAX,1
PrequelMemes,1
Pathfinder_RPG,1
college,1
lifehacks,1
centerleftpolitics,1
lewronggeneration,1
chapotraphouse2,1
chemicalreactiongifs,1
chemistry,1
chernobyl,1
lego,1
classicwow,1
climate,1
climatechange,1
legaladviceofftopic,1
leaves,1
minnesota,1
comicbookmovies,1
lawncare,1
law,1
conlangs,1
consulting,1
coolguides,1
creepy,1
kpop,1
cringepics,1
cripplingalcoholism,1
croatia,1
crosswords,1
c137,1
buildapcsales,1
likeus,1
breakingmom,1
menwritingwomen,1
mentalhealth,1
audiophile,1
memes,1
medizzy,1
medicalschool,1
math,1
yesyesyesyesno,1
maryland,1
manga,1
batman,1
batonrouge,1
bayarea,1
bestof,1
magnetfishing,1
madlads,1
billiards,1
lotrmemes,1
blackpeoplegifs,1
blender,1
blessedimages,1
londonontario,1
litrpg,1
boottoobig,1
boston,1
korea,1
cuboulder,1
cursedcomments,1
iamverybadass,1
flying,1
forbiddensnacks,1
forexposure,1
forhonorknights,1
horror,1
forwardsfromgrandma,1
fragrance,1
hometheater,1
freshalbumart,1
homeless,1
furry_irl,1
futurama,1
homeautomation,1
holdmycosmo,1
gardening,1
holdmybeer,1
gaybros,1
hmmm,1
hiking,1
harrypotter,1
hardwareswap,1
gonewildstories,1
grandrapids,1
happycryingdads,1
guitarpedals,1
houston,1
findapath,1
daddit,1
fantasyfootball,1
dadjokes,1
dankchristianmemes,1
dankmemes,1
keto,1
datascience,1
justneckbeardthings,1
deaf,1
japanlife,1
devops,1
disneyvacation,1
dndnext,1
ireland,1
dontdeadopeninside,1
inthesoulstone,1
elderscrollsonline,1
ems,1
entitledparents,1
entitledparentsmemes,1
instantpot,1
instant_regret,1
insaneparents,1
exmormon,1
exmuslim,1
explainlikeIAmA,1
ilikthebred,1
aspergers,1
askwomenadvice,1
Pets,1
SovietWomble,1
Sekiro,1
SelfAwarewolves,1
SeriousConversation,1
ShittyLifeProTips,1
pointlesslygendered,1
SilkRoad,1
SkincareAddiction,1
SlaughteredByScience,1
pittsburgh,1
SoccerBetting,1
SocialEngineering,1
SolarCity,1
pirateradio,1
mixingmastering,1
SquaredCircle,1
StandUpComedy,1
StarWars,1
StopIDTheft,1
StreetFighter,1
Surveying,1
SweatyPalms,1
photography,1
Switzerland,1
TalesFromRetail,1
philosophy,1
Tallahassee,1
pokemon,1
Scotland,1
SandersForPresident,1
SampleSize,1
PewdiepieSubmissions,1
Physics,1
Piracy,1
Plumbing,1
programminghorror,1
Political_Revolution,1
Portuguese,1
guns,1
povertyfinance,1
Psychiatry,1
Psychonaut,1
popheads,1
PuertoRico,1
Qult_Headquarters,1
RealEstate,1
RedditForGrownups,1
Residency,1
Roadcam,1
poker,1
Roast_Me,1
RocketLeague,1
Roll20,1
RoomPorn,1
pokemongo,1
SamandTolki,1
philadelphia,1
perth,1
TheChurchOfRogers,1
Warhammer40k,1
Watches,1
WebGames,1
WeirdWings,1
noisygifs,1
WhereAreTheChildren,1
WhoIsAmerica,1
Whooosh,1
WhyWereTheyFilming,1
WildfireWorlds,1
WinStupidPrizes,1
WorldOfWarships,1
YangForPresident,1
newtothenavy,1
neutralnews,1
nes,1
analog,1
neckbeardRPG,1
natureismetal,1
nashville,1
mtgfinance,1
moviepass,1
arresteddevelopment,1
askcarsales,1
motorcycles,1
modeltrains,1
WatchRedditDie,1
nosleep,1
pcmasterrace,1
occult,1
TheGrittyPast,1
TheMotte,1
TheRightCantMeme,1
TheSilphRoad,1
TheWayWeWere,1
paradoxplaza,1
Thisismylifemeow,1
pan,1
TopMindsOfReddit,1
TownofSalemgame,1
TrollXChromosomes,1
TropicalWeather,1
TruckerCats,1
TrueCrime,1
opiates,1
onewheel,1
Trufemcels,1
TrumpCriticizesTrump,1
TwoSentenceSadness,1
Ultralight,1
oklahoma,1
oilandgasworkers,1
UofT,1
offbeat,1
oculus,1
2007scape,1
